{
    "author": ["aikaterna", "Paddo"],
    "updated": ["ropeadope62"],
    "description": "Hunting, it hunts birds and things that fly.",
    "install_msg": "Check out [p]hunting to get started.",
    "short": "A bird hunting game.",
    "tags": ["hunting", "hunt", "game"],
    "type": "COG",
    "end_user_data_statement": "This cog does not persistently store end user data. This cog does store discord IDs as needed for operation. This cog does store user stats for the cog such as their score. Users may remove their own content without making a data removal request. This cog does not support data requests, but will respect deletion requests."
}
